Taxon	Ente_Cloa_UCI85_V1	Ente_Cloa_UCI86_V1	Ente_cloa_BIDMC120	Ente_cloa_BIDMC_33A_V1	Ente_cloa_BIDMC_66_V1	Ente_cloa_BIDMC_8_V1	Ente_cloa_BWH_29_V1	Ente_cloa_MGH197	Ente_cloa_MGH198	Ente_cloa_MGH199	Ente_cloa_MGH200	Ente_cloa_MGH209	Ente_cloa_MGH210	Ente_cloa_MGH215	Ente_cloa_MGH219	Ente_cloa_MGH220	Ente_cloa_MGH231	Ente_cloa_MGH237	Ente_cloa_MGH238	Ente_cloa_MGH241	Ente_cloa_MGH248	Ente_cloa_MGH7	Ente_cloa_UCI101_V1	Ente_cloa_UCI147	Ente_cloa_UCI148	Ente_cloa_UCI161	Ente_cloa_UCI169	Ente_cloa_UCI173	Ente_cloa_UCI174	Ente_cloa_UCI175	Ente_cloa_UCICRE-131	Ente_cloa_UCICRE-132	Ente_cloa_UCI_11_V1	Ente_cloa_UCI_23_V1	Ente_cloa_UCI_30_V1	Ente_cloa_UCI_35_V1	Ente_cloa_UCI_36_V1	Ente_cloa_UCI_3_V1	Ente_cloa_UCI_50_V1	Ente_cloa_UCI_5_V1	Ente_cloa_UCI_9_V1	Ente_cloa_complex_BIDMC_27_V1	Ente_cloa_complex_BIDMC_28_V1	Ente_cloa_complex_BWH63_V1	Ente_cloa_complex_BWH64_V1	Ente_cloa_complex_BWH71_V1	Ente_cloa_complex_BWH_27_V1	Ente_cloa_complex_BWH_37_V1	Ente_cloa_complex_BWH_39_V1	Ente_cloa_complex_BWH_75	Ente_cloa_complex_BWH_76	Ente_cloa_complex_MGH131_V1	Ente_cloa_complex_MGH159_V1	Ente_cloa_complex_MGH177_V1	Ente_cloa_complex_MGH184_V1	Ente_cloa_complex_MGH_10_V1	Ente_cloa_complex_MGH_11_V1	Ente_cloa_complex_MGH_12_V1	Ente_cloa_complex_MGH_13_V1	Ente_cloa_complex_MGH_14_V1	Ente_cloa_complex_MGH_15_V1	Ente_cloa_complex_MGH_1_V1	Ente_cloa_complex_MGH_26_V1	Ente_cloa_complex_MGH_2_V1	Ente_cloa_complex_MGH_33_V1	Ente_cloa_complex_MGH_38_V1	Ente_cloa_complex_MGH_3_V1	Ente_cloa_complex_MGH_4_V1	Ente_cloa_complex_MGH_53_V1	Ente_cloa_complex_MGH_5_V1	Ente_cloa_complex_MGH_6_V1	Ente_cloa_complex_MGH_8_V1	Ente_cloa_complex_MGH_9_V1	Ente_sp._BIDMC100_V1	Ente_sp._BIDMC109_V1	Ente_sp._BIDMC110_V1	Ente_sp._BIDMC87_V1	Ente_sp._BIDMC93_V1	Ente_sp._BIDMC94_V1	Ente_sp._BIDMC99_V1	Ente_sp._BWH52_V1	Ente_sp._MGH119_V1	Ente_sp._MGH120_V1	Ente_sp._MGH127_V1	Ente_sp._MGH128_V1	Ente_sp._MGH85_V1	Ente_sp._MGH86_V1	Esch_coli_BWH70_V1
Ente_Cloa_UCI85_V1	0	2	9935	9931	9933	6341	8464	9835	9837	9926	86094	9926	8360	9926	9207	40883	41032	9924	40977	9382	9308	9921	40886	40676	67354	41009	40761	40857	67570	67378	40563	86066	40878	41137	41175	8469	8469	67657	67636	41051	67536	41032	41067	9926	41084	9447	67380	9928	67395	67382	40857	9954	9838	9836	41032	41086	67381	67382	67640	9833	41127	41126	67370	67368	40969	9258	9832	67638	41093	67383	41126	67382	67382	9827	41069	40902	41092	40798	9930	41041	9359	9347	40819	67382	9413	67658	41064	41072
Ente_Cloa_UCI86_V1	2	0	9935	9931	9933	6341	8464	9835	9837	9926	86094	9926	8360	9926	9207	40883	41032	9924	40977	9382	9308	9921	40886	40676	67354	41009	40761	40857	67570	67378	40563	86066	40878	41137	41175	8469	8469	67657	67636	41051	67536	41032	41067	9926	41084	9447	67380	9928	67395	67382	40857	9954	9838	9836	41032	41086	67381	67382	67640	9833	41127	41126	67370	67368	40969	9258	9832	67638	41093	67383	41126	67382	67382	9827	41069	40902	41092	40798	9930	41041	9359	9347	40819	67382	9413	67658	41064	41072
Ente_cloa_BIDMC120	9935	9935	0	189	10	8757	9196	9132	9134	184	86006	184	8607	184	8057	40806	41007	182	40961	8380	8113	179	40861	40356	67143	40990	40792	40872	67386	67195	40240	85976	40839	41127	41129	9201	9201	67468	67446	41045	67351	41013	41056	23	41056	8126	67165	15	67180	67167	40842	43	9135	9134	41029	41034	67166	67167	67416	9130	41076	41072	67154	67153	40938	8386	9129	67414	41080	67168	41072	67167	67167	9124	40988	40883	41084	40770	19	41024	7916	8123	40800	67167	8388	67472	41054	41061
Ente_cloa_BIDMC_33A_V1	9931	9931	189	0	185	8753	9192	9129	9131	33	86000	33	8601	33	8049	40805	41009	31	40958	8374	8105	36	40861	40352	67138	40987	40790	40872	67382	67191	40239	85970	40837	41127	41129	9197	9197	67464	67442	41045	67347	41010	41054	178	41058	8119	67161	180	67176	67163	40844	206	9132	9131	41027	41034	67162	67163	67412	9127	41076	41074	67150	67149	40938	8378	9126	67410	41078	67164	41074	67163	67163	9121	40986	40885	41083	40768	182	41021	7910	8117	40800	67163	8382	67468	41052	41059
Ente_cloa_BIDMC_66_V1	9933	9933	10	185	0	8755	9194	9130	9132	180	86002	180	8603	180	8053	40803	41004	178	40958	8378	8109	175	40858	40352	67139	40987	40789	40869	67382	67191	40237	85972	40836	41124	41126	9199	9199	67464	67442	41042	67347	41010	41053	19	41053	8124	67161	11	67176	67163	40839	39	9133	9132	41026	41031	67162	67163	67412	9128	41073	41069	67150	67149	40935	8382	9127	67410	41077	67164	41069	67163	67163	9122	40985	40880	41081	40767	15	41021	7914	8119	40797	67163	8386	67468	41051	41058
Ente_cloa_BIDMC_8_V1	6341	6341	8757	8753	8755	0	6760	8725	8727	8748	85912	8748	6716	8748	8051	40708	40910	8746	40872	8251	8125	8743	40741	40263	67098	40893	40656	40726	67306	67134	40205	85880	40787	41011	41042	6766	6766	67422	67400	40929	67274	40916	40940	8748	40961	8314	67117	8750	67132	67119	40716	8776	8728	8727	40906	40917	67118	67119	67357	8723	40959	40955	67107	67105	40848	8076	8722	67355	40963	67120	40955	67119	67118	8717	40935	40797	40968	40690	8752	40927	8166	8347	40703	67119	8480	67421	40936	40945
Ente_cloa_BWH_29_V1	8464	8464	9196	9192	9194	6760	0	9152	9154	9187	86189	9187	6257	9187	8375	41025	41232	9185	41186	8674	8541	9182	41075	40575	67443	41203	40978	41049	67606	67410	40519	86155	41076	41321	41349	186	186	67722	67703	41226	67588	41226	41242	9187	41285	8512	67469	9189	67484	67471	41002	9215	9155	9153	41239	41240	67470	67471	67662	9150	41280	41281	67458	67457	41140	8422	9149	67660	41267	67472	41281	67471	67470	9144	41193	41088	41267	40968	9191	41237	8423	8635	41026	67471	8821	67728	41239	41247
Ente_cloa_MGH197	9835	9835	9132	9129	9130	8725	9152	0	2	9124	86094	9124	8695	9124	8273	40881	41142	9122	41045	8464	8436	9119	40951	40508	67260	41067	40865	40902	67460	67246	40311	86063	40912	41196	41200	9156	9156	67541	67520	41098	67430	41092	41151	9123	41191	8557	67281	9125	67296	67283	40888	9151	7	6	41112	41084	67282	67283	67511	8	41127	41121	67271	67269	41014	8306	7	67509	41175	67284	41121	67283	67282	42	41087	40964	41137	40853	9127	41103	8492	8529	40919	67283	8462	67544	41149	41156
Ente_cloa_MGH198	9837	9837	9134	9131	9132	8727	9154	2	0	9126	86096	9126	8697	9126	8275	40883	41144	9124	41047	8466	8438	9121	40953	40510	67262	41069	40867	40904	67462	67248	40313	86065	40914	41198	41202	9158	9158	67543	67522	41100	67432	41094	41153	9125	41193	8559	67283	9127	67298	67285	40890	9153	9	8	41114	41086	67284	67285	67513	10	41129	41123	67273	67271	41016	8308	9	67511	41177	67286	41123	67285	67284	44	41089	40966	41139	40855	9129	41105	8494	8531	40921	67285	8464	67546	41151	41158
Ente_cloa_MGH199	9926	9926	184	33	180	8748	9187	9124	9126	0	86000	6	8596	0	8044	40799	41004	4	40953	8369	8100	31	40856	40346	67134	40982	40784	40867	67378	67187	40234	85970	40831	41121	41123	9192	9192	67460	67438	41040	67343	41005	41049	173	41053	8114	67157	175	67172	67159	40838	201	9127	9126	41021	41029	67158	67159	67408	9122	41071	41069	67146	67145	40932	8373	9121	67406	41073	67160	41069	67159	67159	9116	40980	40879	41078	40762	177	41016	7905	8112	40794	67159	8377	67464	41047	41054
Ente_cloa_MGH200	86094	86094	86006	86000	86002	85912	86189	86094	86096	86000	0	86000	85964	86000	85807	81156	81324	85998	81226	85946	85940	85995	81111	80588	94529	81237	81103	81034	94545	94380	80348	300	81274	81380	81467	86196	86196	94727	94712	81238	94486	81261	81366	85993	81365	86016	94554	85997	94566	94552	81154	86023	86097	86096	81315	81352	94555	94556	94553	86090	81398	81389	94544	94542	81187	85821	86089	94551	81388	94557	81389	94556	94556	86086	81357	81187	81279	81016	85999	81267	85734	85918	81033	94555	85851	94732	81364	81368
Ente_cloa_MGH209	9926	9926	184	33	180	8748	9187	9124	9126	6	86000	0	8596	6	8044	40799	41004	2	40953	8369	8100	31	40856	40346	67134	40982	40784	40867	67378	67187	40234	85970	40831	41121	41123	9192	9192	67460	67438	41040	67343	41005	41049	173	41053	8114	67157	175	67172	67159	40838	201	9127	9126	41021	41029	67158	67159	67408	9122	41071	41069	67146	67145	40932	8373	9121	67406	41073	67160	41069	67159	67159	9116	40980	40879	41078	40762	177	41016	7905	8112	40794	67159	8377	67464	41047	41054
Ente_cloa_MGH210	8360	8360	8607	8601	8603	6716	6257	8695	8697	8596	85964	8596	0	8596	7949	40903	41139	8594	41067	8283	8189	8591	40951	40413	67200	41089	40876	40933	67429	67202	40349	85933	40946	41217	41232	6261	6261	67529	67509	41154	67384	41112	41179	8596	41190	8280	67225	8598	67240	67227	40888	8624	8698	8696	41121	41123	67226	67227	67465	8693	41165	41165	67215	67213	41053	8000	8692	67463	41203	67228	41165	67227	67226	8687	41099	40988	41194	40904	8600	41123	7966	8191	40904	67227	8386	67532	41176	41184
Ente_cloa_MGH215	9926	9926	184	33	180	8748	9187	9124	9126	0	86000	6	8596	0	8044	40799	41004	4	40953	8369	8100	31	40856	40346	67134	40982	40784	40867	67378	67187	40234	85970	40831	41121	41123	9192	9192	67460	67438	41040	67343	41005	41049	173	41053	8114	67157	175	67172	67159	40838	201	9127	9126	41021	41029	67158	67159	67408	9122	41071	41069	67146	67145	40932	8373	9121	67406	41073	67160	41069	67159	67159	9116	40980	40879	41078	40762	177	41016	7905	8112	40794	67159	8377	67464	41047	41054
Ente_cloa_MGH219	9207	9207	8057	8049	8053	8051	8375	8273	8275	8044	85807	8044	7949	8044	0	40789	40993	8042	40965	7650	7096	8039	40829	40269	67023	40986	40725	40796	67235	67046	40104	85777	40854	41063	41114	8380	8380	67351	67329	41000	67185	41009	41007	8046	41043	7361	67050	8048	67065	67052	40765	8074	8276	8274	40993	40999	67051	67052	67274	8271	41040	41039	67040	67038	40906	6882	8270	67272	41031	67053	41039	67052	67051	8265	40962	40827	41041	40731	8050	41020	7300	7555	40781	67052	7593	67352	41004	41012
Ente_cloa_MGH220	40883	40883	40806	40805	40803	40708	41025	40881	40883	40799	81156	40799	40903	40799	40789	0	12061	40797	12352	40690	40762	40795	11176	31620	65835	12417	11388	11688	66185	65947	31260	81130	11650	11981	11924	41026	41026	66239	66217	10665	66040	12443	13245	40796	12115	40748	65860	40798	65876	65863	11506	40824	40884	40883	11630	10621	65862	65863	66145	40879	10669	10664	65852	65849	11603	40714	40878	66143	13270	65864	10664	65863	65863	40873	11656	11515	10702	11539	40800	12451	40619	40662	11364	65864	40741	66244	13241	13251
Ente_cloa_MGH231	41032	41032	41007	41009	41004	40910	41232	41142	41144	41004	81324	41004	41139	41004	40993	12061	0	41002	12497	40942	40999	40999	11736	31923	66008	12546	11888	12199	66335	66095	31448	81295	11978	12268	12374	41235	41235	66430	66409	11630	66191	12572	13560	40997	617	40978	66033	40999	66049	66036	11878	41025	41145	41144	12044	11522	66035	66036	66278	41140	11571	11565	66023	66022	12117	40942	41139	66276	13585	66037	11565	66036	66036	41134	11712	11666	11669	11835	41001	12580	40861	40904	10570	66037	40985	66431	13556	13566
Ente_cloa_MGH237	9924	9924	182	31	178	8746	9185	9122	9124	4	85998	2	8594	4	8042	40797	41002	0	40951	8367	8098	29	40854	40344	67132	40980	40782	40865	67376	67185	40232	85968	40829	41119	41121	9190	9190	67458	67436	41038	67341	41003	41047	171	41051	8112	67155	173	67170	67157	40836	199	9125	9124	41019	41027	67156	67157	67406	9120	41069	41067	67144	67143	40930	8371	9119	67404	41071	67158	41067	67157	67157	9114	40978	40877	41076	40760	175	41014	7903	8110	40792	67157	8375	67462	41045	41052
Ente_cloa_MGH238	40977	40977	40961	40958	40958	40872	41186	41045	41047	40953	81226	40953	41067	40953	40965	12352	12497	40951	0	40888	40949	40949	11991	31724	66012	854	12289	12462	66335	66104	31351	81198	8226	12588	12572	41187	41187	66426	66407	11572	66222	880	13131	40951	12548	40883	66035	40953	66051	66038	12171	40979	41048	41047	12290	11609	66037	66038	66263	41043	11656	11652	66025	66024	12349	40862	41042	66261	13156	66039	11652	66038	66038	41037	12280	12114	11613	11767	40955	889	40780	40818	12171	66039	40909	66430	13127	13137
Ente_cloa_MGH241	9382	9382	8380	8374	8378	8251	8674	8464	8466	8369	85946	8369	8283	8369	7650	40690	40942	8367	40888	0	7208	8364	40739	40252	67108	40914	40660	40705	67344	67146	40146	85917	40754	41001	41035	8680	8680	67454	67430	40930	67302	40937	40941	8371	40989	7846	67128	8373	67143	67130	40714	8399	8467	8466	40922	40914	67129	67130	67389	8462	40953	40951	67117	67116	40825	7723	8461	67387	40962	67131	40951	67130	67129	8456	40882	40774	40969	40666	8375	40946	7831	7696	40734	67130	7875	67452	40938	40946
Ente_cloa_MGH248	9308	9308	8113	8105	8109	8125	8541	8436	8438	8100	85940	8100	8189	8100	7096	40762	40999	8098	40949	7208	0	8095	40795	40336	67104	40967	40739	40818	67279	67086	40231	85910	40805	41081	41112	8548	8548	67403	67382	41022	67254	40990	41020	8102	41046	7365	67129	8104	67144	67131	40778	8130	8439	8438	40986	41007	67130	67131	67333	8434	41047	41048	67119	67117	40910	7633	8433	67331	41046	67132	41048	67131	67130	8428	40950	40859	41063	40734	8106	41001	7518	7313	40771	67131	7493	67406	41018	41025
Ente_cloa_MGH7	9921	9921	179	36	175	8743	9182	9119	9121	31	85995	31	8591	31	8039	40795	40999	29	40949	8364	8095	0	40851	40342	67130	40978	40780	40862	67374	67183	40229	85965	40827	41117	41119	9187	9187	67456	67434	41035	67339	41001	41044	168	41048	8109	67153	170	67168	67155	40834	196	9122	9121	41017	41024	67154	67155	67404	9117	41066	41064	67142	67141	40928	8368	9116	67402	41068	67156	41064	67155	67155	9111	40976	40875	41073	40757	172	41012	7900	8107	40790	67155	8372	67460	41042	41049
Ente_cloa_UCI101_V1	40886	40886	40861	40861	40858	40741	41075	40951	40953	40856	81111	40856	40951	40856	40829	11176	11736	40854	11991	40739	40795	40851	0	31805	65930	12026	11464	11133	66289	66030	31452	81079	11498	11620	11765	41076	41076	66312	66286	10652	66130	12052	13030	40851	11793	40805	65954	40853	65969	65956	11180	40879	40954	40953	11475	10774	65955	65956	66205	40949	10823	10818	65945	65942	11660	40737	40948	66203	13055	65957	10818	65956	65956	40943	11487	11226	10693	11233	40855	12058	40671	40718	11413	65957	40779	66313	13026	13036
Ente_cloa_UCI147	40676	40676	40356	40352	40352	40263	40575	40508	40510	40346	80588	40346	40413	40346	40269	31620	31923	40344	31724	40252	40336	40342	31805	0	65850	31722	31638	31632	66096	65831	19709	80552	31616	32122	32190	40579	40579	66209	66190	31954	65995	31748	31279	40346	31975	40350	65871	40347	65886	65872	31638	40373	40511	40510	32139	31917	65872	65873	65972	40506	31963	31955	65861	65859	31764	40226	40505	65970	31304	65874	31955	65873	65873	40500	31702	31695	31990	31637	40349	31756	40193	40184	31549	65874	40230	66214	31275	31285
Ente_cloa_UCI148	67354	67354	67143	67138	67139	67098	67443	67260	67262	67134	94529	67134	67200	67134	67023	65835	66008	67132	66012	67108	67104	67130	65930	65850	0	66018	65891	65909	11881	11873	65702	94498	66003	66050	66149	67451	67451	12615	12600	66133	11840	66039	66159	67134	66063	67223	152	67133	171	157	65903	67156	67263	67262	66056	66168	154	155	12489	67256	66211	66210	142	140	66029	67067	67255	12487	66187	155	66210	155	156	67252	66039	65933	66172	65817	67136	66051	66997	67117	65865	156	67145	12625	66157	66164
Ente_cloa_UCI161	41009	41009	40990	40987	40987	40893	41203	41067	41069	40982	81237	40982	41089	40982	40986	12417	12546	40980	854	40914	40967	40978	12026	31722	66018	0	12367	12516	66336	66099	31356	81209	8129	12681	12674	41204	41204	66426	66409	11579	66220	82	13082	40980	12598	40896	66041	40982	66057	66044	12201	41008	41070	41069	12429	11638	66043	66044	66256	41065	11685	11681	66031	66030	12498	40882	41064	66254	13107	66045	11681	66044	66044	41059	12358	12217	11616	11858	40984	91	40807	40837	12200	66045	40929	66432	13078	13088
Ente_cloa_UCI169	40761	40761	40792	40790	40789	40656	40978	40865	40867	40784	81103	40784	40876	40784	40725	11388	11888	40782	12289	40660	40739	40780	11464	31638	65891	12367	0	11456	66252	65987	31241	81074	11629	11801	11893	40978	40978	66270	66251	11188	66077	12393	13150	40782	11942	40699	65914	40784	65930	65917	11493	40810	40868	40867	11584	11185	65916	65917	66141	40863	11233	11225	65906	65903	11719	40675	40862	66139	13175	65918	11225	65917	65917	40857	11648	11731	11228	11334	40786	12402	40594	40636	11307	65918	40717	66275	13146	13156
Ente_cloa_UCI173	40857	40857	40872	40872	40869	40726	41049	40902	40904	40867	81034	40867	40933	40867	40796	11688	12199	40865	12462	40705	40818	40862	11133	31632	65909	12516	11456	0	66249	65984	31291	81007	11772	12109	12212	41051	41051	66286	66263	11205	66108	12542	13492	40862	12250	40768	65932	40864	65948	65935	11674	40890	40905	40904	11850	11144	65934	65935	66166	40900	11193	11185	65924	65921	11872	40736	40899	66164	13517	65936	11185	65935	65935	40894	11953	11779	11242	11626	40866	12551	40649	40701	11732	65936	40798	66292	13488	13498
Ente_cloa_UCI174	67570	67570	67386	67382	67382	67306	67606	67460	67462	67378	94545	67378	67429	67378	67235	66185	66335	67376	66335	67344	67279	67374	66289	66096	11881	66336	66252	66249	0	10464	65947	94513	66341	66414	66518	67613	67613	11708	11692	66459	10971	66357	66462	67377	66382	67405	11909	67376	11928	11914	66254	67399	67463	67462	66380	66494	11911	11912	11832	67456	66534	66530	11898	11897	66385	67256	67455	11830	66488	11912	66530	11912	11913	67452	66402	66277	66498	66157	67379	66370	67174	67315	66184	11913	67311	11716	66458	66467
Ente_cloa_UCI175	67378	67378	67195	67191	67191	67134	67410	67246	67248	67187	94380	67187	67202	67187	67046	65947	66095	67185	66104	67146	67086	67183	66030	65831	11873	66099	65987	65984	10464	0	65697	94348	66105	66174	66278	67418	67418	11509	11497	66212	10983	66120	66240	67185	66146	67220	11904	67185	11923	11909	66021	67208	67249	67248	66178	66252	11906	11907	11799	67242	66294	66293	11893	11892	66151	67056	67241	11797	66266	11907	66293	11907	11908	67238	66150	66077	66252	65922	67188	66134	66978	67100	65926	11908	67148	11520	66236	66245
Ente_cloa_UCICRE-131	40563	40563	40240	40239	40237	40205	40519	40311	40313	40234	80348	40234	40349	40234	40104	31260	31448	40232	31351	40146	40231	40229	31452	19709	65702	31356	31241	31291	65947	65697	0	80315	31311	31729	31819	40523	40523	66081	66061	31484	65776	31381	30928	40231	31495	40243	65727	40232	65742	65728	31347	40258	40314	40313	31743	31433	65728	65729	65814	40309	31480	31470	65718	65715	31472	40099	40308	65812	30953	65730	31470	65729	65729	40303	31366	31377	31522	31200	40234	31391	40038	40133	31276	65730	40132	66086	30924	30934
Ente_cloa_UCICRE-132	86066	86066	85976	85970	85972	85880	86155	86063	86065	85970	300	85970	85933	85970	85777	81130	81295	85968	81198	85917	85910	85965	81079	80552	94498	81209	81074	81007	94513	94348	80315	0	81246	81351	81440	86162	86162	94694	94679	81210	94454	81233	81339	85963	81336	85983	94523	85967	94535	94521	81126	85993	86066	86065	81286	81326	94524	94525	94520	86059	81372	81363	94513	94511	81158	85790	86058	94518	81361	94526	81363	94525	94525	86057	81328	81160	81251	80985	85969	81239	85705	85888	81004	94524	85822	94699	81337	81341
Ente_cloa_UCI_11_V1	40878	40878	40839	40837	40836	40787	41076	40912	40914	40831	81274	40831	40946	40831	40854	11650	11978	40829	8226	40754	40805	40827	11498	31616	66003	8129	11629	11772	66341	66105	31311	81246	0	11919	12126	41077	41077	66421	66396	11452	66210	8155	13210	40829	12028	40791	66026	40831	66042	66029	11578	40857	40915	40914	11829	11459	66028	66029	66278	40910	11507	11500	66016	66015	11813	40770	40909	66276	13235	66030	11500	66029	66029	40904	11714	11509	11491	11337	40833	8162	40670	40674	11488	66030	40819	66421	13206	13216
Ente_cloa_UCI_23_V1	41137	41137	41127	41127	41124	41011	41321	41196	41198	41121	81380	41121	41217	41121	41063	11981	12268	41119	12588	41001	41081	41117	11620	32122	66050	12681	11801	12109	66414	66174	31729	81351	11919	0	7136	41324	41324	66505	66482	11869	66283	12708	13601	41117	12318	41049	66075	41119	66091	66078	11758	41145	41199	41198	10428	11941	66077	66078	66351	41194	11987	11982	66067	66064	11546	41000	41193	66349	13626	66079	11982	66078	66078	41188	12099	11919	11908	12018	41121	12716	40920	40984	11950	66079	41079	66508	13595	13607
Ente_cloa_UCI_30_V1	41175	41175	41129	41129	41126	41042	41349	41200	41202	41123	81467	41123	41232	41123	41114	11924	12374	41121	12572	41035	41112	41119	11765	32190	66149	12674	11893	12212	66518	66278	31819	81440	12126	7136	0	41350	41350	66598	66575	12045	66360	12701	13710	41119	12426	41061	66173	41121	66189	66176	11938	41147	41203	41202	10357	11989	66175	66176	66458	41198	12035	12032	66165	66162	11668	41039	41197	66456	13735	66177	12032	66176	66176	41192	12130	12172	12086	12137	41123	12709	40929	41012	12081	66177	41098	66599	13706	13716
Ente_cloa_UCI_35_V1	8469	8469	9201	9197	9199	6766	186	9156	9158	9192	86196	9192	6261	9192	8380	41026	41235	9190	41187	8680	8548	9187	41076	40579	67451	41204	40978	41051	67613	67418	40523	86162	41077	41324	41350	0	0	67729	67710	41227	67595	41227	41244	9192	41288	8517	67477	9194	67492	67479	41001	9220	9159	9157	41242	41241	67478	67479	67669	9154	41281	41282	67466	67465	41143	8427	9153	67667	41269	67480	41282	67479	67478	9148	41196	41091	41268	40971	9196	41238	8429	8639	41027	67479	8827	67735	41241	41249
Ente_cloa_UCI_36_V1	8469	8469	9201	9197	9199	6766	186	9156	9158	9192	86196	9192	6261	9192	8380	41026	41235	9190	41187	8680	8548	9187	41076	40579	67451	41204	40978	41051	67613	67418	40523	86162	41077	41324	41350	0	0	67729	67710	41227	67595	41227	41244	9192	41288	8517	67477	9194	67492	67479	41001	9220	9159	9157	41242	41241	67478	67479	67669	9154	41281	41282	67466	67465	41143	8427	9153	67667	41269	67480	41282	67479	67478	9148	41196	41091	41268	40971	9196	41238	8429	8639	41027	67479	8827	67735	41241	41249
Ente_cloa_UCI_3_V1	67657	67657	67468	67464	67464	67422	67722	67541	67543	67460	94727	67460	67529	67460	67351	66239	66430	67458	66426	67454	67403	67456	66312	66209	12615	66426	66270	66286	11708	11509	66081	94694	66421	66505	66598	67729	67729	0	462	66527	11764	66449	66539	67459	66481	67527	12645	67458	12664	12650	66311	67481	67544	67543	66454	66566	12647	12648	12222	67537	66606	66605	12634	12633	66478	67390	67536	12220	66566	12648	66605	12648	12649	67533	66480	66322	66567	66266	67461	66458	67281	67437	66257	12649	67437	487	66536	66543
Ente_cloa_UCI_50_V1	67636	67636	67446	67442	67442	67400	67703	67520	67522	67438	94712	67438	67509	67438	67329	66217	66409	67436	66407	67430	67382	67434	66286	66190	12600	66409	66251	66263	11692	11497	66061	94679	66396	66482	66575	67710	67710	462	0	66503	11750	66432	66519	67437	66460	67504	12630	67436	12649	12635	66293	67459	67523	67522	66435	66542	12632	12633	12204	67516	66582	66581	12619	12618	66455	67367	67515	12202	66546	12633	66581	12633	12634	67512	66459	66295	66543	66241	67439	66441	67260	67417	66242	12634	67418	375	66516	66523
Ente_cloa_UCI_5_V1	41051	41051	41045	41045	41042	40929	41226	41098	41100	41040	81238	41040	41154	41040	41000	10665	11630	41038	11572	40930	41022	41035	10652	31954	66133	11579	11188	11205	66459	66212	31484	81210	11452	11869	12045	41227	41227	66527	66503	0	66365	11605	13233	41035	11680	40958	66156	41037	66172	66159	10967	41063	41101	41100	11800	3338	66158	66159	66406	41096	3387	3381	66146	66145	11358	40947	41095	66404	13258	66160	3381	66159	66159	41090	11429	11226	147	11368	41039	11611	40852	40865	11058	66160	40960	66530	13229	13239
Ente_cloa_UCI_9_V1	67536	67536	67351	67347	67347	67274	67588	67430	67432	67343	94486	67343	67384	67343	67185	66040	66191	67341	66222	67302	67254	67339	66130	65995	11840	66220	66077	66108	10971	10983	65776	94454	66210	66283	66360	67595	67595	11764	11750	66365	0	66241	66352	67341	66241	67362	11870	67341	11889	11875	66122	67364	67433	67432	66229	66397	11872	11873	11847	67426	66437	66436	11859	11858	66278	67235	67425	11845	66378	11873	66436	11873	11874	67422	66222	66141	66404	66048	67344	66253	67142	67269	66066	11874	67315	11770	66348	66357
Ente_cloa_complex_BIDMC_27_V1	41032	41032	41013	41010	41010	40916	41226	41092	41094	41005	81261	41005	41112	41005	41009	12443	12572	41003	880	40937	40990	41001	12052	31748	66039	82	12393	12542	66357	66120	31381	81233	8155	12708	12701	41227	41227	66449	66432	11605	66241	0	13106	41003	12624	40919	66062	41005	66078	66065	12228	41031	41095	41094	12455	11664	66064	66065	66277	41090	11711	11707	66052	66051	12524	40905	41089	66275	13131	66066	11707	66065	66065	41084	12385	12243	11642	11884	41007	117	40830	40860	12226	66066	40950	66455	13102	13112
Ente_cloa_complex_BIDMC_28_V1	41067	41067	41056	41054	41053	40940	41242	41151	41153	41049	81366	41049	41179	41049	41007	13245	13560	41047	13131	40941	41020	41044	13030	31279	66159	13082	13150	13492	66462	66240	30928	81339	13210	13601	13710	41244	41244	66539	66519	13233	66352	13106	0	41046	13609	40985	66183	41048	66199	66186	13240	41074	41154	41153	13294	13352	66185	66186	66380	41149	13396	13391	66175	66172	13583	40966	41148	66378	121	66187	13391	66186	66186	41143	13486	13089	13274	12755	41050	13115	40868	40913	13112	66187	41006	66542	84	44
Ente_cloa_complex_BWH63_V1	9926	9926	23	178	19	8748	9187	9123	9125	173	85993	173	8596	173	8046	40796	40997	171	40951	8371	8102	168	40851	40346	67134	40980	40782	40862	67377	67185	40231	85963	40829	41117	41119	9192	9192	67459	67437	41035	67341	41003	41046	0	41046	8117	67156	14	67171	67158	40832	40	9126	9125	41019	41024	67157	67158	67406	9121	41066	41062	67145	67144	40928	8375	9120	67404	41070	67159	41062	67158	67158	9115	40978	40873	41074	40760	16	41014	7907	8112	40790	67158	8379	67463	41044	41051
Ente_cloa_complex_BWH64_V1	41084	41084	41056	41058	41053	40961	41285	41191	41193	41053	81365	41053	41190	41053	41043	12115	617	41051	12548	40989	41046	41048	11793	31975	66063	12598	11942	12250	66382	66146	31495	81336	12028	12318	12426	41288	41288	66481	66460	11680	66241	12624	13609	41046	0	41025	66088	41048	66104	66091	11927	41074	41194	41193	12098	11572	66090	66091	66333	41189	11621	11615	66078	66077	12169	40990	41188	66331	13634	66092	11615	66091	66091	41183	11761	11721	11719	11882	41050	12632	40912	40953	10619	66092	41033	66482	13605	13615
Ente_cloa_complex_BWH71_V1	9447	9447	8126	8119	8124	8314	8512	8557	8559	8114	86016	8114	8280	8114	7361	40748	40978	8112	40883	7846	7365	8109	40805	40350	67223	40896	40699	40768	67405	67220	40243	85983	40791	41049	41061	8517	8517	67527	67504	40958	67362	40919	40985	8117	41025	0	67244	8119	67259	67246	40767	8145	8560	8559	40954	40940	67245	67246	67444	8555	40982	40978	67234	67232	40865	7450	8554	67442	41009	67247	40978	67246	67245	8549	40967	40831	40996	40704	8121	40930	7598	7805	40717	67246	7486	67523	40983	40990
Ente_cloa_complex_BWH_27_V1	67380	67380	67165	67161	67161	67117	67469	67281	67283	67157	94554	67157	67225	67157	67050	65860	66033	67155	66035	67128	67129	67153	65954	65871	152	66041	65914	65932	11909	11904	65727	94523	66026	66075	66173	67477	67477	12645	12630	66156	11870	66062	66183	67156	66088	67244	0	67155	63	49	65926	67178	67284	67283	66080	66190	46	47	12515	67277	66233	66229	54	24	66054	67092	67276	12513	66209	47	66229	47	48	67273	66064	65959	66193	65841	67158	66074	67022	67140	65888	48	67169	12655	66181	66188
Ente_cloa_complex_BWH_37_V1	9928	9928	15	180	11	8750	9189	9125	9127	175	85997	175	8598	175	8048	40798	40999	173	40953	8373	8104	170	40853	40347	67133	40982	40784	40864	67376	67185	40232	85967	40831	41119	41121	9194	9194	67458	67436	41037	67341	41005	41048	14	41048	8119	67155	0	67170	67157	40834	34	9128	9127	41021	41026	67156	67157	67406	9123	41068	41064	67144	67143	40930	8377	9122	67404	41072	67158	41064	67157	67157	9117	40980	40875	41076	40762	10	41016	7909	8114	40792	67157	8380	67462	41046	41053
Ente_cloa_complex_BWH_39_V1	67395	67395	67180	67176	67176	67132	67484	67296	67298	67172	94566	67172	67240	67172	67065	65876	66049	67170	66051	67143	67144	67168	65969	65886	171	66057	65930	65948	11928	11923	65742	94535	66042	66091	66189	67492	67492	12664	12649	66172	11889	66078	66199	67171	66104	67259	63	67170	0	30	65942	67193	67299	67298	66096	66206	57	58	12534	67292	66249	66245	73	51	66070	67107	67291	12532	66225	58	66245	58	59	67288	66080	65975	66209	65857	67173	66090	67037	67155	65904	59	67184	12674	66197	66204
Ente_cloa_complex_BWH_75	67382	67382	67167	67163	67163	67119	67471	67283	67285	67159	94552	67159	67227	67159	67052	65863	66036	67157	66038	67130	67131	67155	65956	65872	157	66044	65917	65935	11914	11909	65728	94521	66029	66078	66176	67479	67479	12650	12635	66159	11875	66065	66186	67158	66091	67246	49	67157	30	0	65929	67180	67286	67285	66083	66193	43	44	12520	67279	66236	66232	59	37	66057	67094	67278	12518	66212	44	66232	44	45	67275	66067	65962	66196	65844	67160	66077	67024	67142	65891	45	67171	12660	66184	66191
Ente_cloa_complex_BWH_76	40857	40857	40842	40844	40839	40716	41002	40888	40890	40838	81154	40838	40888	40838	40765	11506	11878	40836	12171	40714	40778	40834	11180	31638	65903	12201	11493	11674	66254	66021	31347	81126	11578	11758	11938	41001	41001	66311	66293	10967	66122	12228	13240	40832	11927	40767	65926	40834	65942	65929	0	40860	40891	40890	11488	10968	65928	65929	66207	40886	11017	11009	65918	65915	11510	40698	40885	66205	13265	65930	11009	65929	65929	40880	11142	11438	11006	11501	40836	12237	40609	40688	11312	65930	40741	66320	13236	13246
Ente_cloa_complex_MGH131_V1	9954	9954	43	206	39	8776	9215	9151	9153	201	86023	201	8624	201	8074	40824	41025	199	40979	8399	8130	196	40879	40373	67156	41008	40810	40890	67399	67208	40258	85993	40857	41145	41147	9220	9220	67481	67459	41063	67364	41031	41074	40	41074	8145	67178	34	67193	67180	40860	0	9154	9153	41047	41052	67179	67180	67429	9149	41094	41090	67167	67166	40956	8403	9148	67427	41098	67181	41090	67180	67180	9143	41006	40901	41102	40788	24	41042	7935	8140	40818	67180	8407	67485	41072	41079
Ente_cloa_complex_MGH159_V1	9838	9838	9135	9132	9133	8728	9155	7	9	9127	86097	9127	8698	9127	8276	40884	41145	9125	41048	8467	8439	9122	40954	40511	67263	41070	40868	40905	67463	67249	40314	86066	40915	41199	41203	9159	9159	67544	67523	41101	67433	41095	41154	9126	41194	8560	67284	9128	67299	67286	40891	9154	0	9	41115	41087	67285	67286	67514	11	41130	41124	67274	67272	41017	8309	10	67512	41178	67287	41124	67286	67285	45	41090	40967	41140	40856	9130	41106	8495	8532	40922	67286	8465	67547	41152	41159
Ente_cloa_complex_MGH177_V1	9836	9836	9134	9131	9132	8727	9153	6	8	9126	86096	9126	8696	9126	8274	40883	41144	9124	41047	8466	8438	9121	40953	40510	67262	41069	40867	40904	67462	67248	40313	86065	40914	41198	41202	9157	9157	67543	67522	41100	67432	41094	41153	9125	41193	8559	67283	9127	67298	67285	40890	9153	9	0	41114	41086	67284	67285	67513	10	41129	41123	67273	67271	41016	8308	9	67511	41177	67286	41123	67285	67284	44	41089	40966	41139	40855	9129	41105	8493	8531	40921	67285	8464	67546	41151	41158
Ente_cloa_complex_MGH184_V1	41032	41032	41029	41027	41026	40906	41239	41112	41114	41021	81315	41021	41121	41021	40993	11630	12044	41019	12290	40922	40986	41017	11475	32139	66056	12429	11584	11850	66380	66178	31743	81286	11829	10428	10357	41242	41242	66454	66435	11800	66229	12455	13294	41019	12098	40954	66080	41021	66096	66083	11488	41047	41115	41114	0	11756	66082	66083	66298	41110	11803	11798	66072	66069	10832	40947	41109	66296	13319	66084	11798	66083	66083	41104	11795	11776	11839	11635	41023	12463	40858	40913	11528	66084	40977	66460	13290	13300
Ente_cloa_complex_MGH_10_V1	41086	41086	41034	41034	41031	40917	41240	41084	41086	41029	81352	41029	41123	41029	40999	10621	11522	41027	11609	40914	41007	41024	10774	31917	66168	11638	11185	11144	66494	66252	31433	81326	11459	11941	11989	41241	41241	66566	66542	3338	66397	11664	13352	41024	11572	40940	66190	41026	66206	66193	10968	41052	41087	41086	11756	0	66192	66193	66457	41082	205	200	66180	66179	11411	40944	41081	66455	13376	66194	200	66193	66193	41076	11412	11130	3378	11343	41028	11670	40827	40863	10905	66194	40954	66568	13348	13358
Ente_cloa_complex_MGH_11_V1	67381	67381	67166	67162	67162	67118	67470	67282	67284	67158	94555	67158	67226	67158	67051	65862	66035	67156	66037	67129	67130	67154	65955	65872	154	66043	65916	65934	11911	11906	65728	94524	66028	66077	66175	67478	67478	12647	12632	66158	11872	66064	66185	67157	66090	67245	46	67156	57	43	65928	67179	67285	67284	66082	66192	0	3	12517	67278	66235	66231	56	34	66056	67093	67277	12515	66211	41	66231	3	30	67274	66066	65961	66195	65843	67159	66076	67023	67141	65890	30	67170	12657	66183	66190
Ente_cloa_complex_MGH_12_V1	67382	67382	67167	67163	67163	67119	67471	67283	67285	67159	94556	67159	67227	67159	67052	65863	66036	67157	66038	67130	67131	67155	65956	65873	155	66044	65917	65935	11912	11907	65729	94525	66029	66078	66176	67479	67479	12648	12633	66159	11873	66065	66186	67158	66091	67246	47	67157	58	44	65929	67180	67286	67285	66083	66193	3	0	12518	67279	66236	66232	57	35	66057	67094	67278	12516	66212	42	66232	0	31	67275	66067	65962	66196	65844	67160	66077	67024	67142	65891	31	67171	12658	66184	66191
Ente_cloa_complex_MGH_13_V1	67640	67640	67416	67412	67412	67357	67662	67511	67513	67408	94553	67408	67465	67408	67274	66145	66278	67406	66263	67389	67333	67404	66205	65972	12489	66256	66141	66166	11832	11799	65814	94520	66278	66351	66458	67669	67669	12222	12204	66406	11847	66277	66380	67406	66333	67444	12515	67406	12534	12520	66207	67429	67514	67513	66298	66457	12517	12518	0	67507	66499	66495	12504	12503	66327	67297	67506	8	66404	12518	66495	12518	12519	67503	66312	66221	66442	66123	67409	66289	67197	67348	66120	12519	67367	12226	66376	66385
Ente_cloa_complex_MGH_14_V1	9833	9833	9130	9127	9128	8723	9150	8	10	9122	86090	9122	8693	9122	8271	40879	41140	9120	41043	8462	8434	9117	40949	40506	67256	41065	40863	40900	67456	67242	40309	86059	40910	41194	41198	9154	9154	67537	67516	41096	67426	41090	41149	9121	41189	8555	67277	9123	67292	67279	40886	9149	11	10	41110	41082	67278	67279	67507	0	41125	41119	67267	67265	41012	8304	3	67505	41173	67280	41119	67279	67278	40	41085	40962	41135	40851	9125	41101	8490	8527	40917	67279	8460	67540	41147	41154
Ente_cloa_complex_MGH_15_V1	41127	41127	41076	41076	41073	40959	41280	41127	41129	41071	81398	41071	41165	41071	41040	10669	11571	41069	11656	40953	41047	41066	10823	31963	66211	11685	11233	11193	66534	66294	31480	81372	11507	11987	12035	41281	41281	66606	66582	3387	66437	11711	13396	41066	11621	40982	66233	41068	66249	66236	11017	41094	41130	41129	11803	205	66235	66236	66499	41125	0	127	66223	66222	11459	40983	41124	66497	13420	66237	127	66236	66236	41119	11459	11178	3427	11391	41070	11717	40871	40904	10953	66237	40996	66608	13392	13402
Ente_cloa_complex_MGH_1_V1	41126	41126	41072	41074	41069	40955	41281	41121	41123	41069	81389	41069	41165	41069	41039	10664	11565	41067	11652	40951	41048	41064	10818	31955	66210	11681	11225	11185	66530	66293	31470	81363	11500	11982	12032	41282	41282	66605	66581	3381	66436	11707	13391	41062	11615	40978	66229	41064	66245	66232	11009	41090	41124	41123	11798	200	66231	66232	66495	41119	127	0	66219	66218	11452	40984	41118	66493	13414	66233	4	66232	66232	41113	11455	11174	3420	11387	41066	11713	40870	40903	10948	66233	40995	66607	13387	13397
Ente_cloa_complex_MGH_26_V1	67370	67370	67154	67150	67150	67107	67458	67271	67273	67146	94544	67146	67215	67146	67040	65852	66023	67144	66025	67117	67119	67142	65945	65861	142	66031	65906	65924	11898	11893	65718	94513	66016	66067	66165	67466	67466	12634	12619	66146	11859	66052	66175	67145	66078	67234	54	67144	73	59	65918	67167	67274	67273	66072	66180	56	57	12504	67267	66223	66219	0	42	66044	67084	67266	12502	66201	57	66219	57	58	67263	66056	65949	66183	65833	67147	66064	67012	67130	65878	58	67160	12644	66173	66180
Ente_cloa_complex_MGH_2_V1	67368	67368	67153	67149	67149	67105	67457	67269	67271	67145	94542	67145	67213	67145	67038	65849	66022	67143	66024	67116	67117	67141	65942	65859	140	66030	65903	65921	11897	11892	65715	94511	66015	66064	66162	67465	67465	12633	12618	66145	11858	66051	66172	67144	66077	67232	24	67143	51	37	65915	67166	67272	67271	66069	66179	34	35	12503	67265	66222	66218	42	0	66043	67080	67264	12501	66198	35	66218	35	36	67261	66053	65948	66182	65830	67146	66063	67010	67128	65877	36	67157	12643	66170	66177
Ente_cloa_complex_MGH_33_V1	40969	40969	40938	40938	40935	40848	41140	41014	41016	40932	81187	40932	41053	40932	40906	11603	12117	40930	12349	40825	40910	40928	11660	31764	66029	12498	11719	11872	66385	66151	31472	81158	11813	11546	11668	41143	41143	66478	66455	11358	66278	12524	13583	40928	12169	40865	66054	40930	66070	66057	11510	40956	41017	41016	10832	11411	66056	66057	66327	41012	11459	11452	66044	66043	0	40822	41011	66325	13608	66058	11452	66057	66057	41006	11888	11739	11396	11649	40932	12533	40741	40808	11649	66058	40878	66482	13579	13589
Ente_cloa_complex_MGH_38_V1	9258	9258	8386	8378	8382	8076	8422	8306	8308	8373	85821	8373	8000	8373	6882	40714	40942	8371	40862	7723	7633	8368	40737	40226	67067	40882	40675	40736	67256	67056	40099	85790	40770	41000	41039	8427	8427	67390	67367	40947	67235	40905	40966	8375	40990	7450	67092	8377	67107	67094	40698	8403	8309	8308	40947	40944	67093	67094	67297	8304	40983	40984	67084	67080	40822	0	8303	67295	40991	67095	40984	67094	67093	8298	40905	40797	40988	40660	8379	40916	7784	7500	40696	67094	7501	67391	40963	40971
Ente_cloa_complex_MGH_3_V1	9832	9832	9129	9126	9127	8722	9149	7	9	9121	86089	9121	8692	9121	8270	40878	41139	9119	41042	8461	8433	9116	40948	40505	67255	41064	40862	40899	67455	67241	40308	86058	40909	41193	41197	9153	9153	67536	67515	41095	67425	41089	41148	9120	41188	8554	67276	9122	67291	67278	40885	9148	10	9	41109	41081	67277	67278	67506	3	41124	41118	67266	67264	41011	8303	0	67504	41172	67279	41118	67278	67277	39	41084	40961	41134	40850	9124	41100	8489	8526	40916	67278	8459	67539	41146	41153
Ente_cloa_complex_MGH_4_V1	67638	67638	67414	67410	67410	67355	67660	67509	67511	67406	94551	67406	67463	67406	67272	66143	66276	67404	66261	67387	67331	67402	66203	65970	12487	66254	66139	66164	11830	11797	65812	94518	66276	66349	66456	67667	67667	12220	12202	66404	11845	66275	66378	67404	66331	67442	12513	67404	12532	12518	66205	67427	67512	67511	66296	66455	12515	12516	8	67505	66497	66493	12502	12501	66325	67295	67504	0	66402	12516	66493	12516	12517	67501	66310	66219	66440	66121	67407	66287	67195	67346	66118	12517	67365	12224	66374	66383
Ente_cloa_complex_MGH_53_V1	41093	41093	41080	41078	41077	40963	41267	41175	41177	41073	81388	41073	41203	41073	41031	13270	13585	41071	13156	40962	41046	41068	13055	31304	66187	13107	13175	13517	66488	66266	30953	81361	13235	13626	13735	41269	41269	66566	66546	13258	66378	13131	121	41070	13634	41009	66209	41072	66225	66212	13265	41098	41178	41177	13319	13376	66211	66212	66404	41173	13420	13414	66201	66198	13608	40991	41172	66402	0	66213	13414	66212	66212	41167	13511	13115	13297	12780	41074	13140	40893	40938	13137	66213	41032	66569	117	127
Ente_cloa_complex_MGH_5_V1	67383	67383	67168	67164	67164	67120	67472	67284	67286	67160	94557	67160	67228	67160	67053	65864	66037	67158	66039	67131	67132	67156	65957	65874	155	66045	65918	65936	11912	11907	65730	94526	66030	66079	66177	67480	67480	12648	12633	66160	11873	66066	66187	67159	66092	67247	47	67158	58	44	65930	67181	67287	67286	66084	66194	41	42	12518	67280	66237	66233	57	35	66058	67095	67279	12516	66213	0	66233	42	43	67276	66068	65963	66197	65845	67161	66078	67025	67143	65892	43	67172	12658	66185	66192
Ente_cloa_complex_MGH_6_V1	41126	41126	41072	41074	41069	40955	41281	41121	41123	41069	81389	41069	41165	41069	41039	10664	11565	41067	11652	40951	41048	41064	10818	31955	66210	11681	11225	11185	66530	66293	31470	81363	11500	11982	12032	41282	41282	66605	66581	3381	66436	11707	13391	41062	11615	40978	66229	41064	66245	66232	11009	41090	41124	41123	11798	200	66231	66232	66495	41119	127	4	66219	66218	11452	40984	41118	66493	13414	66233	0	66232	66232	41113	11455	11174	3420	11387	41066	11713	40870	40903	10948	66233	40995	66607	13387	13397
Ente_cloa_complex_MGH_8_V1	67382	67382	67167	67163	67163	67119	67471	67283	67285	67159	94556	67159	67227	67159	67052	65863	66036	67157	66038	67130	67131	67155	65956	65873	155	66044	65917	65935	11912	11907	65729	94525	66029	66078	66176	67479	67479	12648	12633	66159	11873	66065	66186	67158	66091	67246	47	67157	58	44	65929	67180	67286	67285	66083	66193	3	0	12518	67279	66236	66232	57	35	66057	67094	67278	12516	66212	42	66232	0	31	67275	66067	65962	66196	65844	67160	66077	67024	67142	65891	31	67171	12658	66184	66191
Ente_cloa_complex_MGH_9_V1	67382	67382	67167	67163	67163	67118	67470	67282	67284	67159	94556	67159	67226	67159	67051	65863	66036	67157	66038	67129	67130	67155	65956	65873	156	66044	65917	65935	11913	11908	65729	94525	66029	66078	66176	67478	67478	12649	12634	66159	11874	66065	66186	67158	66091	67245	48	67157	59	45	65929	67180	67285	67284	66083	66193	30	31	12519	67278	66236	66232	58	36	66057	67093	67277	12517	66212	43	66232	31	0	67274	66067	65962	66196	65844	67160	66077	67023	67142	65891	24	67171	12659	66184	66191
Ente_sp._BIDMC100_V1	9827	9827	9124	9121	9122	8717	9144	42	44	9116	86086	9116	8687	9116	8265	40873	41134	9114	41037	8456	8428	9111	40943	40500	67252	41059	40857	40894	67452	67238	40303	86057	40904	41188	41192	9148	9148	67533	67512	41090	67422	41084	41143	9115	41183	8549	67273	9117	67288	67275	40880	9143	45	44	41104	41076	67274	67275	67503	40	41119	41113	67263	67261	41006	8298	39	67501	41167	67276	41113	67275	67274	0	41079	40956	41129	40845	9119	41095	8484	8521	40911	67275	8454	67536	41141	41148
Ente_sp._BIDMC109_V1	41069	41069	40988	40986	40985	40935	41193	41087	41089	40980	81357	40980	41099	40980	40962	11656	11712	40978	12280	40882	40950	40976	11487	31702	66039	12358	11648	11953	66402	66150	31366	81328	11714	12099	12130	41196	41196	66480	66459	11429	66222	12385	13486	40978	11761	40967	66064	40980	66080	66067	11142	41006	41090	41089	11795	11412	66066	66067	66312	41085	11459	11455	66056	66053	11888	40905	41084	66310	13511	66068	11455	66067	66067	41079	0	10617	11470	11679	40982	12393	40820	40878	11437	66068	40947	66481	13482	13492
Ente_sp._BIDMC110_V1	40902	40902	40883	40885	40880	40797	41088	40964	40966	40879	81187	40879	40988	40879	40827	11515	11666	40877	12114	40774	40859	40875	11226	31695	65933	12217	11731	11779	66277	66077	31377	81160	11509	11919	12172	41091	41091	66322	66295	11226	66141	12243	13089	40873	11721	40831	65959	40875	65975	65962	11438	40901	40967	40966	11776	11130	65961	65962	66221	40962	11178	11174	65949	65948	11739	40797	40961	66219	13115	65963	11174	65962	65962	40956	10617	0	11264	11309	40877	12252	40681	40767	11134	65963	40836	66324	13087	13097
Ente_sp._BIDMC87_V1	41092	41092	41084	41083	41081	40968	41267	41137	41139	41078	81279	41078	41194	41078	41041	10702	11669	41076	11613	40969	41063	41073	10693	31990	66172	11616	11228	11242	66498	66252	31522	81251	11491	11908	12086	41268	41268	66567	66543	147	66404	11642	13274	41074	11719	40996	66193	41076	66209	66196	11006	41102	41140	41139	11839	3378	66195	66196	66442	41135	3427	3420	66183	66182	11396	40988	41134	66440	13297	66197	3420	66196	66196	41129	11470	11264	0	11407	41078	11648	40893	40906	11097	66197	41001	66570	13270	13280
Ente_sp._BIDMC93_V1	40798	40798	40770	40768	40767	40690	40968	40853	40855	40762	81016	40762	40904	40762	40731	11539	11835	40760	11767	40666	40734	40757	11233	31637	65817	11858	11334	11626	66157	65922	31200	80985	11337	12018	12137	40971	40971	66266	66241	11368	66048	11884	12755	40760	11882	40704	65841	40762	65857	65844	11501	40788	40856	40855	11635	11343	65843	65844	66123	40851	11391	11387	65833	65830	11649	40660	40850	66121	12780	65845	11387	65844	65844	40845	11679	11309	11407	0	40764	11892	40562	40626	11252	65845	40687	66267	12751	12761
Ente_sp._BIDMC94_V1	9930	9930	19	182	15	8752	9191	9127	9129	177	85999	177	8600	177	8050	40800	41001	175	40955	8375	8106	172	40855	40349	67136	40984	40786	40866	67379	67188	40234	85969	40833	41121	41123	9196	9196	67461	67439	41039	67344	41007	41050	16	41050	8121	67158	10	67173	67160	40836	24	9130	9129	41023	41028	67159	67160	67409	9125	41070	41066	67147	67146	40932	8379	9124	67407	41074	67161	41066	67160	67160	9119	40982	40877	41078	40764	0	41018	7911	8116	40794	67160	8383	67465	41048	41055
Ente_sp._BIDMC99_V1	41041	41041	41024	41021	41021	40927	41237	41103	41105	41016	81267	41016	41123	41016	41020	12451	12580	41014	889	40946	41001	41012	12058	31756	66051	91	12402	12551	66370	66134	31391	81239	8162	12716	12709	41238	41238	66458	66441	11611	66253	117	13115	41014	12632	40930	66074	41016	66090	66077	12237	41042	41106	41105	12463	11670	66076	66077	66289	41101	11717	11713	66064	66063	12533	40916	41100	66287	13140	66078	11713	66077	66077	41095	12393	12252	11648	11892	41018	0	40839	40871	12234	66078	40961	66464	13111	13121
Ente_sp._BWH52_V1	9359	9359	7916	7910	7914	8166	8423	8492	8494	7905	85734	7905	7966	7905	7300	40619	40861	7903	40780	7831	7518	7900	40671	40193	66997	40807	40594	40649	67174	66978	40038	85705	40670	40920	40929	8429	8429	67281	67260	40852	67142	40830	40868	7907	40912	7598	67022	7909	67037	67024	40609	7935	8495	8493	40858	40827	67023	67024	67197	8490	40871	40870	67012	67010	40741	7784	8489	67195	40893	67025	40870	67024	67023	8484	40820	40681	40893	40562	7911	40839	0	7719	40576	67024	7718	67284	40865	40873
Ente_sp._MGH119_V1	9347	9347	8123	8117	8119	8347	8635	8529	8531	8112	85918	8112	8191	8112	7555	40662	40904	8110	40818	7696	7313	8107	40718	40184	67117	40837	40636	40701	67315	67100	40133	85888	40674	40984	41012	8639	8639	67437	67417	40865	67269	40860	40913	8112	40953	7805	67140	8114	67155	67142	40688	8140	8532	8531	40913	40863	67141	67142	67348	8527	40904	40903	67130	67128	40808	7500	8526	67346	40938	67143	40903	67142	67142	8521	40878	40767	40906	40626	8116	40871	7719	0	40684	67142	7018	67440	40910	40918
Ente_sp._MGH120_V1	40819	40819	40800	40800	40797	40703	41026	40919	40921	40794	81033	40794	40904	40794	40781	11364	10570	40792	12171	40734	40771	40790	11413	31549	65865	12200	11307	11732	66184	65926	31276	81004	11488	11950	12081	41027	41027	66257	66242	11058	66066	12226	13112	40790	10619	40717	65888	40792	65904	65891	11312	40818	40922	40921	11528	10905	65890	65891	66120	40917	10953	10948	65878	65877	11649	40696	40916	66118	13137	65892	10948	65891	65891	40911	11437	11134	11097	11252	40794	12234	40576	40684	0	65892	40767	66267	13108	13118
Ente_sp._MGH127_V1	67382	67382	67167	67163	67163	67119	67471	67283	67285	67159	94555	67159	67227	67159	67052	65864	66037	67157	66039	67130	67131	67155	65957	65874	156	66045	65918	65936	11913	11908	65730	94524	66030	66079	66177	67479	67479	12649	12634	66160	11874	66066	66187	67158	66092	67246	48	67157	59	45	65930	67180	67286	67285	66084	66194	30	31	12519	67279	66237	66233	58	36	66058	67094	67278	12517	66213	43	66233	31	24	67275	66068	65963	66197	65845	67160	66078	67024	67142	65892	0	67171	12659	66185	66192
Ente_sp._MGH128_V1	9413	9413	8388	8382	8386	8480	8821	8462	8464	8377	85851	8377	8386	8377	7593	40741	40985	8375	40909	7875	7493	8372	40779	40230	67145	40929	40717	40798	67311	67148	40132	85822	40819	41079	41098	8827	8827	67437	67418	40960	67315	40950	41006	8379	41033	7486	67169	8380	67184	67171	40741	8407	8465	8464	40977	40954	67170	67171	67367	8460	40996	40995	67160	67157	40878	7501	8459	67365	41032	67172	40995	67171	67171	8454	40947	40836	41001	40687	8383	40961	7718	7018	40767	67171	0	67442	41004	41011
Ente_sp._MGH85_V1	67658	67658	67472	67468	67468	67421	67728	67544	67546	67464	94732	67464	67532	67464	67352	66244	66431	67462	66430	67452	67406	67460	66313	66214	12625	66432	66275	66292	11716	11520	66086	94699	66421	66508	66599	67735	67735	487	375	66530	11770	66455	66542	67463	66482	67523	12655	67462	12674	12660	66320	67485	67547	67546	66460	66568	12657	12658	12226	67540	66608	66607	12644	12643	66482	67391	67539	12224	66569	12658	66607	12658	12659	67536	66481	66324	66570	66267	67465	66464	67284	67440	66267	12659	67442	0	66539	66546
Ente_sp._MGH86_V1	41064	41064	41054	41052	41051	40936	41239	41149	41151	41047	81364	41047	41176	41047	41004	13241	13556	41045	13127	40938	41018	41042	13026	31275	66157	13078	13146	13488	66458	66236	30924	81337	13206	13595	13706	41241	41241	66536	66516	13229	66348	13102	84	41044	13605	40983	66181	41046	66197	66184	13236	41072	41152	41151	13290	13348	66183	66184	66376	41147	13392	13387	66173	66170	13579	40963	41146	66374	117	66185	13387	66184	66184	41141	13482	13087	13270	12751	41048	13111	40865	40910	13108	66185	41004	66539	0	90
Esch_coli_BWH70_V1	41072	41072	41061	41059	41058	40945	41247	41156	41158	41054	81368	41054	41184	41054	41012	13251	13566	41052	13137	40946	41025	41049	13036	31285	66164	13088	13156	13498	66467	66245	30934	81341	13216	13607	13716	41249	41249	66543	66523	13239	66357	13112	44	41051	13615	40990	66188	41053	66204	66191	13246	41079	41159	41158	13300	13358	66190	66191	66385	41154	13402	13397	66180	66177	13589	40971	41153	66383	127	66192	13397	66191	66191	41148	13492	13097	13280	12761	41055	13121	40873	40918	13118	66192	41011	66546	90	0
